SNO,RegNo,Password
1,122176001,Welcome1
2,122176002,Welcome2
3,122176003,Welcome3
4,122176004,Welcome4
5,122176005,Welcome5
6,122176006,Welcome6
7,122176007,Welcome7
8,122176008,Welcome8
9,122176009,Welcome9
10,122176010,Welcome10
11,122176011,Welcome11
12,122176012,Welcome12
13,122176013,Welcome13
14,122176014,Welcome14
15,122176015,Welcome15
16,122176016,Welcome16
17,122176017,Welcome17
18,122176018,Welcome18
19,122176019,Welcome19
20,122176020,Welcome20
21,122176021,Welcome21
22,122176022,Welcome22
23,122176023,Welcome23
24,122176024,Welcome24
25,122176025,Welcome25
26,122176026,Welcome26
27,122176027,Welcome27
28,122176028,Welcome28
29,122176029,Welcome29
30,122176030,Welcome30
31,122176031,Welcome31
32,122176032,Welcome32
33,122176033,Welcome33
34,122176034,Welcome34
35,122176035,Welcome35
36,122176036,Welcome36
37,122176037,Welcome37
38,122176038,Welcome38
39,122176039,Welcome39
40,122176040,Welcome40
41,122176041,Welcome41
42,122176042,Welcome42
43,122176043,Welcome43
44,122176044,Welcome44
45,122176045,Welcome45
46,122176046,Welcome46
47,122176047,Welcome47
48,122176048,Welcome48
49,122176049,Welcome49
50,122176050,Welcome50
51,122176051,Welcome51
52,122176052,Welcome52
53,122176053,Welcome53
54,122176054,Welcome54
55,122176055,Welcome55
56,122176056,Welcome56
57,122176057,Welcome57
58,122176058,Welcome58
59,122176059,Welcome59
60,122176060,Welcome60
61,122176061,Welcome61
62,122176062,Welcome62
63,122176063,Welcome63
64,122176064,Welcome64
65,122176065,Welcome65
66,122176066,Welcome66
67,122176067,Welcome67
68,122176068,Welcome68
69,122176069,Welcome69
70,122176070,Welcome70
71,122176071,Welcome71
72,122176072,Welcome72
73,122176073,Welcome73
74,122176074,Welcome74
75,122176075,Welcome75
76,122176076,Welcome76
77,122176077,Welcome77
78,122176078,Welcome78
79,122176079,Welcome79
80,122176080,Welcome80
81,122176081,Welcome81
82,122176082,Welcome82
83,122176083,Welcome83
84,122176084,Welcome84
85,122176085,Welcome85
86,122176086,Welcome86
87,122176087,Welcome87
88,122176088,Welcome88
89,122176089,Welcome89
90,122176090,Welcome90
91,122176091,Welcome91
92,122176092,Welcome92
93,122176093,Welcome93
94,122176094,Welcome94
95,122176095,Welcome95
96,122176096,Welcome96
97,122176097,Welcome97
98,122176098,Welcome98
99,122176099,Welcome99
100,122176100,Welcome100
101,122176101,Welcome101
102,122176102,Welcome102
103,122176103,Welcome103
104,122176104,Welcome104
105,122176105,Welcome105